{"cameraMode":{"drawMode":0,"name":"Shaded","section":"Shading Mode"},"sceneLighting":true,"audioPlay":false,"sceneViewState":{"m_AlwaysRefresh":false,"showFog":true,"showSkybox":true,"showFlares":true,"showImageEffects":true,"showParticleSystems":true,"showVisualEffectGraphs":true,"m_FxEnabled":true},"in2DMode":false,"pivot":{"x":-20.448205947875978,"y":8.249054908752442,"z":-21.181358337402345},"rotation":{"x":0.6314508318901062,"y":-0.0004486340330913663,"z":0.00040592908044345677,"w":0.775438129901886},"size":62.20854187011719,"orthographic":false}