{"cameraMode":{"drawMode":0,"name":"Shaded","section":"Shading Mode"},"sceneLighting":true,"audioPlay":false,"sceneViewState":{"m_AlwaysRefresh":false,"showFog":true,"showSkybox":true,"showFlares":true,"showImageEffects":true,"showParticleSystems":true,"showVisualEffectGraphs":true,"m_FxEnabled":true},"in2DMode":false,"pivot":{"x":456.6655578613281,"y":-163.88418579101563,"z":242.88270568847657},"rotation":{"x":0.3735560178756714,"y":0.03338534012436867,"z":-0.01345401257276535,"w":0.9269095659255981},"size":917.8713989257813,"orthographic":false}