{"cameraMode":{"drawMode":0,"name":"Shaded","section":"Shading Mode"},"sceneLighting":true,"audioPlay":false,"sceneViewState":{"m_AlwaysRefresh":false,"showFog":true,"showSkybox":true,"showFlares":true,"showImageEffects":true,"showParticleSystems":true,"showVisualEffectGraphs":true,"m_FxEnabled":true},"in2DMode":false,"pivot":{"x":-28.29998779296875,"y":15.200014114379883,"z":48.900001525878909},"rotation":{"x":0.3771072030067444,"y":0.01139491330832243,"z":-0.004638559650629759,"w":0.9260889291763306},"size":21.814624786376954,"orthographic":false}